<?xml version="1.0" encoding="UTF-8"?>
<!DOCTYPE log4j:configuration SYSTEM "http://logging.apache.org/log4j/1.2/apidocs/org/apache/log4j/xml/doc-files/log4j.dtd" >

<log4j:configuration xmlns:log4j="http://jakarta.apache.org/log4j/">

	<appender name="console" class="org.apache.log4j.ConsoleAppender">
		<layout class="org.apache.log4j.PatternLayout">
			<param name="ConversionPattern" value="[%p] %d{dd-MMM-yyyy} %d{HH:mm:ss} %c --> %m%n" />
		</layout>
	</appender>

	<root>
		<priority value="INFO" />
		<appender-ref ref="console" />
	</root>

</log4j:configuration>