<?xml version="1.0" encoding="UTF-8"?>
<beans:beans
	xmlns:xsi="http://www.w3.org/2001/XMLSchema-instance"
	xmlns:security="http://www.springframework.org/schema/security"
	xmlns:beans="http://www.springframework.org/schema/beans"
	xsi:schemaLocation ="http://www.springframework.org/schema/security http://www.springframework.org/schema/security/spring-security-4.2.xsd
						http://www.springframework.org/schema/beans	http://www.springframework.org/schema/beans/spring-beans-4.3.xsd">

	<!-- enable use-expressions -->
 	<security:http auto-config="true" use-expressions="true">
		<security:intercept-url pattern="/**" access="isAuthenticated()" />
 		<security:http-basic/>
 	</security:http>

	<security:authentication-manager>
		<!-- <security:authentication-provider user-service-ref="myUserDetailsService"/> -->
		<security:authentication-provider>		
			<security:user-service>
				<security:user name="restUser" password="{noop}restUser123" authorities="ROLE_USER"/>
			</security:user-service>
		</security:authentication-provider>
	</security:authentication-manager>
	

</beans:beans>