<?xml version="1.0" encoding="UTF-8"?>
<beans xmlns="http://www.springframework.org/schema/beans"
	 xmlns:xsi="http://www.w3.org/2001/XMLSchema-instance"
	 xmlns:jpa="http://www.springframework.org/schema/data/jpa"
	xmlns:tx="http://www.springframework.org/schema/tx"
	xsi:schemaLocation="
	http://www.springframework.org/schema/tx
	http://www.springframework.org/schema/tx/spring-tx.xsd
	http://www.springframework.org/schema/data/jpa 
    http://www.springframework.org/schema/data/jpa/spring-jpa.xsd 
	http://www.springframework.org/schema/beans 
	http://www.springframework.org/schema/beans/spring-beans.xsd">

	<bean id="jdbcConfig" class="org.springframework.beans.factory.config.PropertyPlaceholderConfigurer">
		<property name="locations">
			<list>
				<value>classpath:/META-INF/applicationJdbc.properties</value>
			</list>
		</property>
	</bean>

	<bean class="org.apache.commons.dbcp.BasicDataSource" id="dataSource" destroy-method="close" >
		<property name="driverClassName" value="${jdbc.mysql.dataSource.driverClassName}" />
		<property name="url" value="${jdbc.mysql.dataSource.url}" />
		<property name="username" value="${jdbc.mysql.dataSource.username}" />
		<property name="password" value="${jdbc.mysql.dataSource.password}" />
		<property name="maxIdle" value="999999" />
					
	</bean>	
	
	<bean class="org.springframework.jdbc.core.namedparam.NamedParameterJdbcTemplate" id="namedParameterJdbcTemplate" >
		<constructor-arg>
			<ref bean="dataSource"/>
		</constructor-arg>
	</bean>


	<bean id="entityManagerFactory" class="org.springframework.orm.jpa.LocalContainerEntityManagerFactoryBean">
		<property name="dataSource" ref="dataSource" />
		<property name="packagesToScan" value="com.softtek.javaweb.domain.model" />
		<property name="jpaVendorAdapter">
			<bean class="org.springframework.orm.jpa.vendor.HibernateJpaVendorAdapter" />
		</property>
		<property name="jpaProperties">
			<props>
				<prop key="hibernate.dialect">org.hibernate.dialect.MySQL5Dialect</prop>
			</props>
		</property>
	</bean>

	<bean id="transactionManager" class="org.springframework.orm.jpa.JpaTransactionManager">
		<property name="entityManagerFactory" ref="entityManagerFactory" />
	</bean>

	<tx:annotation-driven transaction-manager="transactionManager" />

	<jpa:repositories base-package="com.softtek.javaweb.repository.jpa" />	
</beans>
